class_old,class_new
.appMount_fae9dd,.appMount_c99875
.layer__2efaa,.layer_f7d46a
.container__037ed,.container_d1f8f5
.base__3e6af,.base_c0676e
.backdrop__7e89b,.backdrop__1a911
.withLayer__1fe9d,.withLayer__29ace
.colorDefault__39671,.colorDefault__438d3
.colorDanger_fd4e9b,.colorDanger__5d2e7
.colorStreamerMode_e927c0,.colorStreamerMode_cb7f84
.textLink__18003,.textLink_a20eaa
.closeButton_ffc97a,.closeButton__90904
.button__57d93,.button__33db6
.icon__15586,.icon__60750
.iconWindows_ca56a9,.iconWindows__56d93
.iconApple__38c42,.iconApple__75200
.iconAndroid__90385,.iconAndroid__121e5
.platformIcon_e1560d,.platformIcon__74118
.titleBar__01af6,.titleBar__710b0
.unfocused_a1a492,.unfocused__66649
.typeWindows__5fa63,.typeWindows_e41dab
.wordmark__0d178,.wordmark__5b8c9
.winButton__88672,.winButton_f17fb6
.winButtonMinMax__72f36,.winButtonMinMax_caf9c8
.winButtonClose__73489,.winButtonClose__6396d
.typeMacOS__496b0,.typeMacOS_cacc59
.typeMacOSWithFrame_db4a7d,.typeMacOSWithFrame__376b6
.macButtons__7b1bc,.macButtons__40068
.macButton__3b74b,.macButton__0de05
.macButtonClose__071f2,.macButtonClose_d318e3
.macButtonMaximize__65e03,.macButtonMaximize__2d4cd
.macButtonMinimize_ff73a4,.macButtonMinimize__38185
.progressBarContainer__9b571,.progressBarContainer_e11b41
.containerDefault__23a29,.containerDefault_e3b32b
.containerUserOver_fe1d69,.containerUserOver__91b97
.containerDragBefore__06455,.containerDragBefore__1b24b
.containerDragAfter__72575,.containerDragAfter_e03e10
.containerDragAfter__72575,.containerDragAfter_e03e10
.containerDragBefore__06455,.containerDragBefore__1b24b
.containerDefault__23a29,.containerDefault_e3b32b
.containerDragAfter__72575,.containerDragAfter_e03e10
.containerDragBefore__06455,.containerDragBefore__1b24b
.containerUserOver_fe1d69,.containerUserOver__91b97
.wrapper__9c483,.wrapper__07e2f
.clickable_dbdd2a,.clickable__797c7
.collapsed__8fe3c,.collapsed_c227d2
.mainContent_a0b319,.mainContent__2333c
.icon_ef4486,.icon__3aa8e
.name__590d6,.name__27f04
.overflow__87fe8,.overflow__993fa
.children_d4d259,.children_d18c7d
.addButtonIcon_b776b3,.addButtonIcon_d9a52c
.button_fb39e8,.button_c7b3ea
.buttonIcon__9d124,.buttonIcon__56c11
.containerDefault__3187b,.containerDefault_ae2ea4
.containerDragBefore_fe91aa,.containerDragBefore__257b9
.containerDragAfter__437c5,.containerDragAfter_fec62e
.containerUserOver__8b873,.containerUserOver__2f65b
.containerDragAfter__437c5,.containerDragAfter_fec62e
.containerDragBefore_fe91aa,.containerDragBefore__257b9
.containerDefault__3187b,.containerDefault_ae2ea4
.containerDragAfter__437c5,.containerDragAfter_fec62e
.containerDragBefore_fe91aa,.containerDragBefore__257b9
.containerUserOver__8b873,.containerUserOver__2f65b
.wrapper__7bcde,.wrapper__612a5
.modeUnreadImportant_efb53e,.modeUnreadImportant__35358
.modeSelected__487d6,.modeSelected__473f1
.modeConnected__1c02e,.modeConnected__52a8f
.modeMuted__0aeea,.modeMuted_f0a72e
.link__95dc0,.link_ddbb36
.linkTop_eaa673,.linkTop_c8969d
.icon_eff5d4,.icon__67ab4
.name__8d1ec,.name__4eb92
.children_a486f8,.children__563f2
.iconItem__8e3b8,.iconItem__56989
.actionIcon_d679b5,.actionIcon_b149a2
.wrapper__5848b,.wrapper__71278
.listDefault__205d0,.listDefault__4e3fa
.clickable__137bc,.clickable_a2c5ad
.draggable__081c0,.draggable__68384
.voiceUser__0470a,.voiceUser__629a5
.selected__471ca,.selected__80fc0
.content_b60865,.content__3b07e
.avatarContainer__39fb5,.avatarContainer__5724c
.avatarSpeaking_c95053,.avatarSpeaking_f239de
.username__73ce9,.username_a42504
.usernameSpeaking__78095,.usernameSpeaking__22f2f
.voiceChannelsButton__46c37,.voiceChannelsButton_fd0b98
.container_a4480b,.container__9d861
.icon__62403,.icon__36b35
.avatarContainer__7b330,.avatarContainer__37747
.avatarContainerMasked__6a03e,.avatarContainerMasked_ed6212
.clickableAvatar_e26163,.clickableAvatar_b78cbb
.emptyUser_dba665,.emptyUser__8a436
.moreUsers_cd5dfc,.moreUsers__61edd
.sidebar_ded4b5,.sidebar_e031be
.container__590e2,.container__7e23c
.container__7c79d,.container_f41675
.header__104ca,.header__77c95
.selected__0b1ad,.selected__987e6
.name_c08dbc,.name_e8e549
.headerButton__3af9f,.headerButton__532a2
.animatedContainer__341f6,.animatedContainer__0e828
.bannerImage__39c51,.bannerImage_c73a57
.bannerVisible__191f6,.bannerVisible_ef30fe
.mention__1afd3,.mention_dd733a
.button__4f306,.button_ae40a4
.enabled__470f0,.enabled__214db
.disabled_dc5630,.disabled__1dc58
.actionButtons_b58cbb,.actionButtons__85e3c
.button__66e8c,.button_b82d53
.buttonColor_a6eb73,.buttonColor__7bad9
.buttonActive__407a7,.buttonActive_ae686f
.container_ca50b9,.container_debb33
.avatarWrapper_ba5175,.avatarWrapper__500a6
.nameTag__0e320,.nameTag__77ab2
.usernameContainer__750f9,.usernameContainer__22048
.title__10613,.title__4a7a9
.subtext__8f869,.subtext_ce73b4
.withTagAsButton_cc125f,.withTagAsButton_e22174
.withTagless__98b7d,.withTagless__058f8
.container_d667ff,.container_e1958d
.connection_fff5f6,.connection__6dbd8
.connectionHeader__3c82d,.connectionHeader__2b82f
.connectionIcon__1428c,.connectionIcon__41220
.connectionAccountLabel_a71192,.connectionAccountLabel__76a4f
.connectionDelete__988b5,.connectionDelete__300b7
.metadataContainer__7b316,.metadataContainer__1842c
.rtcConnectionStatus__40882,.rtcConnectionStatus_e749c4
.rtcConnectionStatusConnected__1d5b0,.rtcConnectionStatusConnected__9db4a
.rtcConnectionStatusConnecting__7b83a,.rtcConnectionStatusConnecting__057df
.rtcConnectionStatusError_f91509,.rtcConnectionStatusError__77afa
.rtcConnectionQualityFine__471b6,.rtcConnectionQualityFine__60c6a
.rtcConnectionQualityAverage__4b0ea,.rtcConnectionQualityAverage_c3f4a3
.rtcConnectionQualityBad__6caa2,.rtcConnectionQualityBad__913cb
.ping__47992,.ping__838d2
.channel_d7d412,.channel__42be3
.activityPanel__22355,.activityPanel_b73e7a
.body__709f6,.body_dc19cb
.gameWrapper__5b041,.gameWrapper_da7443
.gameIcon_f12921,.gameIcon__5f62a
.title__10613,.title__4a7a9
.actions__9256d,.actions_d57dc4
.liveBadge_b936d2,.liveBadge__26d23
.noiseCancellationPopout__06ec4,.noiseCancellationPopout__023ec
.privateChannels__93473,.privateChannels__9b518
.scroller__4b984,.scroller__89969
.channel_c21703,.channel__0aef5
.interactive_a868bc,.interactive__3e804
.interactiveSelected_ec846b,.interactiveSelected__689f0
.name__02dbd,.name_f842e4
.subText_ed6eed,.subText__0b282
.activity_a8c37a,.activity_d189d8
.container_c344de,.container__79284
.activityEmoji_f1bb5e,.activityEmoji_b6afc2
.activityText__84949,.activityText__56d3b
.icon_d942d4,.icon__1ab4f
.closeButton__8f1fd,.closeButton__116c3
.closeIcon_a3bbd4,.closeIcon__2816e
.linkButtonIcon__2f35b,.linkButtonIcon_cff89e
.privateChannelsHeaderContainer_ddcec6,.privateChannelsHeaderContainer_b22dc9
.headerText__051c0,.headerText__88997
.privateChannelRecipientsInviteButtonIcon__1e8fc,.privateChannelRecipientsInviteButtonIcon__459c2
.searchBar_e4ea2a,.searchBar__621ec
.searchBarComponent__22760,.searchBarComponent__8f95f
.newMessagesBar__8b6d7,.newMessagesBar__8b272
.jumpToPresentBar__0ff7f,.jumpToPresentBar__69174
.hasMore_b03f46,.hasMore__8db19
.messagesErrorBar__06c0a,.messagesErrorBar__82c21
.wrapper_bd2abe,.wrapper__6bf2d
.callContainer_cbde45,.callContainer__1477d
.minimum_ebf000,.minimum__7f356
.video__79b68,.video__3237a
.controlButton_ab2899,.controlButton__863c7
.centerButton__3205b,.centerButton__8316e
.centerIcon__6075a,.centerIcon_e3df23
.colorable_c84c4c,.colorable__4f530
.primaryDark__6b700,.primaryDark_ec74a7
.white__10e89,.white_ce1c7b
.red_a51ba8,.red__45e65
.participantsButton__56586,.participantsButton__11fa3
.button__13ec4,.button_c5d028
.speaking__9b95a,.speaking_c28527
.page__0b66e,.page_e5cc79
.content__1a4fe,.content__01e65
.chatContent__5dca8,.chatContent_f087cb
.gatedContent_ba8306,.gatedContent__18838
.image__0cdbe,.image__02f7c
.title__5e888,.title__1888b
.description__0818b,.description__05e2d
.separator__45fb4,.separator_d76876
.action_caa81f,.action__645f7
.resizeHandle_f1a098,.resizeHandle_cc9d34
.emptyChannelIcon__1a1ba,.emptyChannelIcon_d45c50
.role__88585,.role__9690d
.roleColor_dc66b5,.roleColor_d561c0
.noChannel__7bbff,.noChannel__28db0
.image__98a59,.image__08515
.title__627cf,.title__496be
.text__1c14c,.text__0e310
.wrapper__3d460,.wrapper_c899da
.wrapper__5c5cd,.wrapper__6b7d8
.uploadModalIn_c0ca4b,.uploadModalIn_c0e1db
.uploadDropModal__73a36,.uploadDropModal_cfadae
.bgScale_f3a2be,.bgScale_f4bff5
.divider_b9338f,.divider__855e3
.isUnread__6f880,.isUnread_de09f5
.unreadPill__715fc,.unreadPill__1b4fa
.unreadPillCapStroke__12c0b,.unreadPillCapStroke__89d64
.content_d67847,.content__7191e
.header_f7f1f3,.header_aac16f
.clear__76e04,.clear__9f79a
.content__30de8,.content__2faa3
.container_bc9447,.container__4405a
.categoryFade_f9c843,.categoryFade_ed9ec1
.categoryFadeBlurple_e73c11,.categoryFadeBlurple_ffb0c5
.categoryText_b65948,.categoryText__1b8ff
.categoryIcon_e4c38b,.categoryIcon__7e2ee
.categoryName_d2c0d0,.categoryName_f25cbb
.results_f76516,.results_d34a85
.focused__036ed,.focused__79359
.searchSuggestion__5559d,.searchSuggestion_a4ef6d
.favButton__11e5a,.favButton__40981
.icon_d1afab,.icon__96634
.emptyHintCard_f3e81a,.emptyHintCard_cac1d9
.endContainer__0c909,.endContainer__4078a
.form__13a2c,.form_d8a4a1
.channelTextArea__56a36,.channelTextArea__648e5
.scrollableContainer__33e06,.scrollableContainer_ff917f
.attachWrapper__6354f,.attachWrapper_d01704
.attachButton_b1db83,.attachButton__56f98
.attachButtonInner__3ce2b,.attachButtonInner__84c26
.attachButtonPlus_bf89ca,.attachButtonPlus_fd0021
.textArea__74543,.textArea_a86690
.placeholder__4bea5,.placeholder__443e5
.textAreaSlate_e0e383,.textAreaSlate__8578d
.button_f0455c,.button__437ce
.emojiButton__8ff6a,.emojiButton__176c8
.text_ca54e9,.text_eb454c
.attachedBars_da3c74,.attachedBars_c1606a
.stackedAttachedBar__03e7f,.stackedAttachedBar__646eb
.fakeLink__57dfc,.fakeLink_e091e1
.operations__07224,.operations__62559
.wrapper_fbbb73,.wrapper__57349
.content_cecbc1,.content__98536
.image__04423,.image__7ea68
.buttonContainer__1c00c,.buttonContainer__1b685
.autocomplete_df266d,.autocomplete__743a5
.autocompleteInner_a0e6a1,.autocompleteInner_ad9e21
.contentTitle_b7c496,.contentTitle_b6c2bb
.icon__95d3a,.icon_f08b13
.iconForeground__0dfea,.iconForeground__65705
.autocompleteRowSubheading_de7fc9,.autocompleteRowSubheading__5bc45
.autocompleteRowContentSecondary__6f0be,.autocompleteRowContentSecondary_d44d14
.descriptionDiscriminator__158a4,.descriptionDiscriminator__5f9f8
.clickable_f8437d,.clickable__0b25f
.base__76a71,.base__87e58
.categoryHeader_f97a5f,.categoryHeader__70c8e
.wrapper__4e8f1,.wrapper__35c78
.listItems__699d1,.listItems__49027
.selected__608f1,.selected__46356
.option__32fd1,.option__2b069
.optionals__8c34d,.optionals__2aaef
.optionalCount__5f6e1,.optionalCount__2e126
.optionPill_f86b98,.optionPill__618f2
.selectedPill_f3e999,.selectedPill_b305ee
.optionPillKey_e84f41,.optionPillKey__0d1a4
.nitroTopDividerContainer__4c8fd,.nitroTopDividerContainer_b829ac
.premiumEmoji__2dbd7,.premiumEmoji_d4ce86
.premiumHeader_f78f97,.premiumHeader_f73c14
.spamBanner_adb1b9,.spamBanner_b5e5bf
.container__8fd9f,.container__86c3c
.iconContainer__21954,.iconContainer__9bcb4
.selectorButtonSelected__18241,.selectorButtonSelected_c323f4
.before_inlineCode__37e14,.before_inlineCode__48f7c
.after_inlineCode__2197d,.after_inlineCode__59586
.inlineCode_d702a4,.inlineCode__0cacf
.numberBadge__50328,.numberBadge__40d6f
.base__92a12,.base__5ed84
.baseShapeRound__95d0f,.baseShapeRound_c1de89
.textBadge__45d79,.textBadge_f05120
.button_afdfd9,.button__581d0
.lookFilled__19298,.lookFilled__950dd
.lookOutlined__46d54,.lookOutlined__014b5
.lookInverted_ee4261,.lookInverted_a299dc
.lookLink__93965,.lookLink_a2da25
.lookBlank__7ca0a,.lookBlank_a5b4ca
.colorBrand_b2253e,.colorBrand__27d57
.colorBrandNew_fd170a,.colorBrandNew__8872c
.colorPrimary__6ed40,.colorPrimary_ebe632
.colorWhite__43488,.colorWhite__0033e
.colorGreen__5f181,.colorGreen__75c93
.colorRed_d6b062,.colorRed__5a617
.colorLink_b651e5,.colorLink__4141a
.colorYellow_a62893,.colorYellow__818c3
.buttonColor_fa1bb3,.buttonColor__40507
.contents_fb6220,.contents__322f4
.button_ddf91e,.button__292b6
.disabled__8e315,.disabled__4d064
.checkboxWrapper__02583,.checkboxWrapper_a2bcc8
.checkbox_c7f690,.checkbox_fcf2ad
.checked__24ad6,.checked__16f88
.flex__909d4,.flex__9487d
.alignStart__4fe1e,.alignStart__8437f
.alignEnd__8e5c6,.alignEnd__3f3e1
.alignCenter__84269,.alignCenter__9c6ed
.alignStretch_e239ef,.alignStretch__2d62d
.alignBaseline__743b3,.alignBaseline__60e83
.justifyStart__42744,.justifyStart__6f8c8
.justifyEnd__5d719,.justifyEnd_cec85f
.justifyCenter__4080c,.justifyCenter__96cdc
.justifyAround_e5af27,.justifyAround_ba5c02
.justifyBetween_b44898,.justifyBetween_a67fb5
.wrap_e504b7,.wrap_abadb9
.wrapReverse__4de11,.wrapReverse__9cb7a
.directionRow__2bb0b,.directionRow__65900
.directionRowReverse__9f91b,.directionRowReverse_f644aa
.directionColumn_aa2f1b,.directionColumn__959e9
.spacer__0ee02,.spacer__03448
.directionUp_cb88db,.directionUp_fb2196
.directionRight__232ce,.directionRight__09c57
.directionDown_d14df7,.directionDown_e38a7a
.directionLeft__7c310,.directionLeft__0e2eb
.flowerStarContainer_d8d14b,.flowerStarContainer__00f61
.flowerStar_a9981e,.flowerStar_fa5ad8
.childContainer__4e664,.childContainer__3a40c
.icon__5b3a5,.icon__87f1f
.gameVerifiedIcon_bcd5fc,.gameVerifiedIcon__31a94
.redesignIconChildContainer__1bee6,.redesignIconChildContainer__6b3e7
.scrollerWrap_e0b973,.scrollerWrap_f4f01d
.scrollerBase_dc3aa9,.scrollerBase_f742b2
.track_a48141,.track_b31f5a
.barFill__30e17,.barFill__1f56b
.grabber_d2868c,.grabber_e3daf3
.loadingPopout__5f0e8,.loadingPopout__5e2fa
.spinner_f931ee,.spinner__84b20
.wanderingCubes_ce37c6,.wanderingCubes__921f8
.spinningCircle__351b3,.spinningCircle__49621
.spinningCircleInner__958da,.spinningCircleInner__56a7d
.path__5eb4b,.path__67bca
.pulsingEllipsis_f679bb,.pulsingEllipsis_b681c2
.pulsingEllipsis_f679bb,.pulsingEllipsis_b681c2
.container__871ba,.container__2ed72
.checked__6bdb0,.checked__36fdc
.input_be50d1,.input__3e05b
.selected__5711d,.selected_a523ff
.disabled__85bca,.disabled__2717e
.premiumLabel_f2cd55,.premiumLabel__68f78
.icon__11372,.icon_c69952
.tooltip__01384,.tooltip__7b090
.tooltipPointer_a79354,.tooltipPointer_f7411c
.tooltipTop__5f583,.tooltipTop_e50d2d
.tooltipBottom_ba4564,.tooltipBottom__39dfe
.tooltipLeft_b6b150,.tooltipLeft__4c05a
.tooltipRight_e5fa1c,.tooltipRight__2c7a5
.tooltipContent__79a2d,.tooltipContent_adb6d5
.tooltipPrimary_e5c00d,.tooltipPrimary__51b23
.tooltipBrand__13fbc,.tooltipBrand__68214
.icon__5b3a5,.icon__87f1f
.tooltipRed_d5b8c2,.tooltipRed__9a42d
.tooltipGreen__0ed4a,.tooltipGreen__36421
.tooltip_a70a03,.tooltip_e6800d
.tooltipPointer_ee2b03,.tooltipPointer__37c22
.wrapper_a7e7a8,.wrapper__216eb
.scroller__3d071,.scroller_de945b
.listItem_fa7b36,.listItem__48528
.guildSeparator_dcb3cc,.guildSeparator__75928
.blobContainer__5ee50,.blobContainer_c44493
.wrapper__3670f,.wrapper_b4903b
.wrapper_d281dd,.wrapper__8436d
.selected_f5ec8e,.selected_ae80f7
.icon__0cbed,.icon__11cf1
.wrapper__3af0b,.wrapper__9916c
.svg_ad7356,.svg__34dd4
.childWrapper__01b9c,.childWrapper_a6ce15
.acronym_cd4809,.acronym_fb7739
.iconBadge_fdf33a,.iconBadge__19638
.icon__92653,.icon__62c73
.isCurrentUserConnected_d9734f,.isCurrentUserConnected__3bd70
.placeholderMask__94802,.placeholderMask_ca6625
.dragInner_a23293,.dragInner_d5b34c
.wrapper_ed1dea,.wrapper__832f2
.expandedFolderBackground__1bec6,.expandedFolderBackground_b1385f
.collapsed__0a270,.collapsed__98ad5
.folderIconWrapper__72239,.folderIconWrapper__11165
.closedFolderIconWrapper__7321f,.closedFolderIconWrapper__722d5
.expandedFolderIconWrapper__458cf,.expandedFolderIconWrapper__324c1
.icon_c48348,.icon__94164
.iconSizeSmol__7ee47,.iconSizeSmol__44614
.guildIcon__2e5ab,.guildIcon_b6bfa7
.circleIconButton_d8df29,.circleIconButton__05cf2
.selected__5250e,.selected_aded59
.guildsError__0aa84,.guildsError__32e67
.breadcrumbs__5ffc6,.breadcrumbs_bac619
.breadcrumbWrapper__34bfa,.breadcrumbWrapper__75797
.breadcrumbClickWrapper__48502,.breadcrumbClickWrapper__6bef1
.breadcrumbFinalWrapper__71907,.breadcrumbFinalWrapper__7e7bd
.breadcrumb__3c15c,.breadcrumb__62bda
.breadcrumbArrow__05b4d,.breadcrumbArrow__58361
.container__11d72,.container__26baa
.children__32014,.children_cde9af
.toolbar__88c63,.toolbar__62fb5
.title__9e2b0,.title__84e16
.akaBadge__7df41,.akaBadge__27cd4
.nicknames__7447d,.nicknames__12efb
.iconWrapper_af9215,.iconWrapper_de6cd1
.icon__4cb88,.icon_ae0b42
.clickable_d23a1a,.clickable_ce0925
.selected_be2668,.selected__1fc53
.downloadArrow__3a66e,.downloadArrow__378a1
.iconBadge_cc5031,.iconBadge__20a6b
.divider_c09b64,.divider_bdb894
.content__96073,.content__71cd4
.focused_ddee54,.focused__037a4
.searchBar_e0c60b,.searchBar__5a20a
.searchFilter__118cb,.searchFilter_dbda51
.searchAnswer_b452e7,.searchAnswer__2ccaf
.container__7712a,.container__33507
.input__74754,.input__48d49
.iconLayout__6d744,.iconLayout__67261
.icon__37cc1,.icon_fb52f0
.clear__76e04,.clear__9f79a
.backButton__6a1f0,.backButton_d9b964
.input__321f5,.input__723c9
.applicationStore_fc7d76,.applicationStore__444b9
.scroller_a1aadd,.scroller__49aa3
.mainPageScroller__12afb,.mainPageScroller_a3deff
.cardDescription__46c9d,.cardDescription_efa634
.seeAllPerksButton_c90d04,.seeAllPerksButton_bfef1d
.giftNitro__7b37a,.giftNitro__1c0d9
.textContainer_ebae6b,.textContainer__2116e
.innerWrapper_c80bad,.innerWrapper_fd8553
.allPerksScroller__8740f,.allPerksScroller__2c9d5
.backButton__5b790,.backButton__1d36e
.leftArrow__1d2d5,.leftArrow__06d17
.rightArrow__0633c,.rightArrow_ca65a9
.inactiveArrow_e0ef05,.inactiveArrow__86563
.arrowIcon_c86bb8,.arrowIcon__9367b
.cardProgressBar__0e60a,.cardProgressBar_b12055
.selectedDot__3f4ad,.selectedDot_c4b16b
.topPill__0cdf1,.topPill__63ad4
.selected__5711d,.selected_a523ff
.container__5c7e7,.container_bd15da
.peopleColumn__51df3,.peopleColumn__0c784
.peopleListItem_d14722,.peopleListItem_dab480
.activity__24558,.activity_f466d8
.actionButton__23182,.actionButton__2b4bb
.highlight__5b64b,.highlight__57b9f
.actionAccept_d03bfc,.actionAccept_d8addb
.actionDeny_d304eb,.actionDeny__3ce98
.addFriendInputWrapper__4bf8e,.addFriendInputWrapper__2b30b
.addFriendInput__568d8,.addFriendInput__12af4
.addFriendHint__6df3d,.addFriendHint__6eee6
.container_a308ae,.container__048f4
.scroller__311cd,.scroller_a9a4b4
.table__702c0,.table_c4e11f
.header_b5ab54,.header__119bc
.headerCell__7a86a,.headerCell__1746e
.headerCellSorted__5c7c2,.headerCellSorted__39cbd
.headerCellContent_b91aca,.headerCellContent__8e785
.rowWrapper__2d725,.rowWrapper__801a0
.rowWrapperActive_f989dd,.rowWrapperActive__789cb
.rowWrapperDim_ecd946,.rowWrapperDim__5dece
.rowBackground__09cc3,.rowBackground__3fe13
.row_f3cc85,.row__8780b
.bodyCell__4af8c,.bodyCell__7ee83
.nameBodyCell_e706d4,.nameBodyCell_da1f49
.gameIcon_d9ba5a,.gameIcon_b20126
.nameCellInfo__1f8eb,.nameCellInfo__2377d
.nameCellText__43eda,.nameCellText_c1f2a7
.textCell_edd42f,.textCell_f73533
.lastPlayedCellNew_cfebb2,.lastPlayedCellNew__8530c
.actionsCell_bd9387,.actionsCell_a72bc9
.settingIcons_e4e59e,.settingIcons_b42558
.settingIcon_cd1ad1,.settingIcon_e426c9
.scroller__9c698,.scroller_ddc925
.installationPath_fa3a82,.installationPath_dade94
.background__0a6fb,.background__31e4d
.foreground__26bd6,.foreground_c28dd7
.defaultIndicator__2a4ea,.defaultIndicator__5e476
.playButton_b7b2fb,.playButton__9e617
.playButtonContents__9accf,.playButtonContents__7ad49
.buttonShine__0be03,.buttonShine_fb742e
.container_b2ce9c,.container_f79ab4
.membersListNotices_a4cb13,.membersListNotices__0bcb6
.membersWrap__90226,.membersWrap__5ca6b
.members__9f47b,.members__573eb
.membersGroup__85843,.membersGroup_cad095
.selected__9800b,.selected__7f4cb
.offline_c1fd80,.offline__55fab
.content_a6999d,.content_e8a0d1
.nameAndDecorators_e34d47,.nameAndDecorators__389dd
.name__16feb,.name__7afe8
.username__11d8c,.username_ab1e31
.ownerIcon__827bd,.ownerIcon_bd8e7d
.subText_ab7e13,.subText__4629e
.activity__3cbac,.activity_bafb94
.activityEmoji_e954be,.activityEmoji__2ca8c
.activityText__47ec1,.activityText__31c22
.icon_d942d4,.icon__1ab4f
.memberGroupsPlaceholder_d0ae46,.memberGroupsPlaceholder__50708
.placeholder_dad2ff,.placeholder__3f05f
.multiplePlaceholder__394fe,.multiplePlaceholder_ff9724
.placeholderAvatar__21e48,.placeholderAvatar__0282d
.placeholderUsername__7fd2c,.placeholderUsername__3d5c9
.mulitplePlaceholderUsername__5bd27,.mulitplePlaceholderUsername_d22bfe
.addMembersIcon_e97261,.addMembersIcon_d9b498
.coverImageWrapper_e12d83,.coverImageWrapper_d05fe1
.coverImage_b7e579,.coverImage__12e65
.coverImageActionable__4726a,.coverImageActionable__8caed
.coverImageNotActionable__36f0f,.coverImageNotActionable__8e34a
.blurred__5f676,.blurred__92556
.artwork__34afd,.artwork_ea47dd
.artworkNotActionable__3c8ef,.artworkNotActionable__3fc82
.artworkSpotifySessionEnded__8272a,.artworkSpotifySessionEnded_c0cf09
.header__8b673,.header__1c712
.partyStatus__6a567,.partyStatus__12fc2
.actionAndParty__28beb,.actionAndParty__316e0
.actionButton__8ecea,.actionButton__8649e
.name_b50cd9,.name__14833
.partyMembers__351a2,.partyMembers_e1b413
.partyMember__2b214,.partyMember__7fbef
.partyMemberKnown_e4d470,.partyMemberKnown_d80d14
.partyAvatar__7b4a6,.partyAvatar__3cc5d
.partyMemberEmpty__94736,.partyMemberEmpty__01e36
.moreUsers__1d9e9,.moreUsers__4af66
.helpIcon_a58947,.helpIcon_dbf835
.details__2923a,.details__22e62
.textLink__47850,.textLink__811f1
.attachment_f3cf2c,.attachment__06ca3
.embedWrapper_c143d9,.embedWrapper__47b23
.icon__30aa7,.icon_df1a3e
.attachmentInner__94b5f,.attachmentInner__3fac6
.filenameLinkWrapper__56a0d,.filenameLinkWrapper__70f96
.fileNameLink__995d3,.fileNameLink__6e8b0
.metadata__541c7,.metadata__05734
.downloadButton__57092,.downloadButton__3fb6d
.filenameWrapper__61a04,.filenameWrapper__33982
.filename_e129cd,.filename__7e5bf
.size__3566c,.size__27bff
.progress_b93712,.progress__4d3b3
.progressBar__47525,.progressBar__00a1a
.cancelButton_f76160,.cancelButton_ae4b5b
.downloadButton__57092,.downloadButton__3fb6d
.cancelButton_f76160,.cancelButton_ae4b5b
.codeActions__43b2e,.codeActions__13d69
.container_dbadf5,.container__62863
.embed_d3cbe3,.embed_cc6dae
.grid_c7c4e6,.grid__35551
.embedMargin__9576e,.embedMargin__99b82
.embedLink__00ab9,.embedLink_e542f5
.embedProvider_cfa718,.embedProvider_f3e807
.embedAuthor_cb4bfc,.embedAuthor__3e899
.embedAuthorName_a1274b,.embedAuthorName__9a491
.embedAuthorNameLink_b25226,.embedAuthorNameLink_dd0d5f
.embedAuthorIcon__6b055,.embedAuthorIcon_d3f927
.embedTitle__31740,.embedTitle__1ac59
.embedTitleLink__0caf9,.embedTitleLink__2d644
.embedDescription__33443,.embedDescription_f5043f
.embedFields__51397,.embedFields__8cb40
.embedField_efa058,.embedField__9d0ae
.embedFieldName_d42d0c,.embedFieldName__933cd
.embedFieldValue__53d47,.embedFieldValue_f2dcec
.embedImage_e638a7,.embedImage_eb54e3
.embedFull__8dc21,.embedFull__14919
.imageWrapper_fd6587,.imageWrapper__178ee
.imageWrapperBackground__9e3ab,.imageWrapperBackground__03a80
.imageError__77b3e,.imageError__3af5f
.embedThumbnail__468e1,.embedThumbnail__1f402
.embedVideo__0c65b,.embedVideo__303fe
.embedIframe__75457,.embedIframe_cda441
.embedVideoActions__7513f,.embedVideoActions_e8f35c
.embedVideoAction__3ca57,.embedVideoAction_add135
.wrapper__5036f,.wrapper_fc4faf
.embedFooter_a8f9aa,.embedFooter_c26cec
.embedFooterText_dc937f,.embedFooterText_c3068e
.embedFooterSeparator__31476,.embedFooterSeparator__53351
.embedFooterIcon_ee8373,.embedFooterIcon_a4d42f
.wrapper_efe67f,.wrapper__8a5dd
.h5__884a2,.h5__28baa
.guildIcon_bcc098,.guildIcon__85266
.guildIconExpired__1d51f,.guildIconExpired__67d9b
.guildInfo__0e8f5,.guildInfo__1b46c
.guildName__060cb,.guildName__22ec8
.guildDetail__0b882,.guildDetail_d421fa
.statusOnline__13c7b,.statusOnline_b64171
.statusOffline__84b14,.statusOffline__65f09
.button__8ec71,.button_f73214
.lookFilled__19298.colorGreen__5f181,.lookFilled__950dd.colorGreen__75c93
.lookFilled__19298.colorBrand_b2253e,.lookFilled__950dd.colorBrand__27d57
.wrapper__3a7a0,.wrapper_f09ac7
.wrapperAudio__555ce,.wrapperAudio__178e9
.wrapperControlsHidden__143af,.wrapperControlsHidden_ce304d
.metadata__2d766,.metadata__7bef0
.audioMetadata_e546a8,.audioMetadata__84e00
.metadataContent__391c4,.metadataContent_bec6a7
.metadataName__2ae3a,.metadataName__87840
.metadataSize__42428,.metadataSize_b161e9
.metadataDownload__6b32d,.metadataDownload__9673d
.metadataIcon_e42be2,.metadataIcon__2b10c
.audioControls__9fbe9,.audioControls_da7066
.videoControls__96149,.videoControls__7bc92
.controlIcon__11f8e,.controlIcon_d1bbd7
.durationTimeWrapper_d1de6b,.durationTimeWrapper__81fcd
.durationTimeDisplay_acef46,.durationTimeDisplay_ba3ad5
.durationTimeSeparator__8b5d8,.durationTimeSeparator__04e51
.mediaBarInteraction__0633c,.mediaBarInteraction_e21234
.mediaBarInteractionDragging__0a2ee,.mediaBarInteractionDragging__55800
.mediaBarWrapper_f312bd,.mediaBarWrapper_e90a7a
.mediaBarPreview__2937c,.mediaBarPreview__39d32
.mediaBarGrabber_c64ff9,.mediaBarGrabber__1d527
.mediaBarProgress__29db2,.mediaBarProgress_a3b7f1
.hoverButtonGroup__5b423,.hoverButtonGroup__304b2
.container__79822,.container_ce813c
.playing_eb5c63,.playing__0754e
.playButtonContainer_d887d6,.playButtonContainer_bf2199
.playIcon_e14cf9,.playIcon__25e6e
.message__80c10,.message_ccca67
.wrapper__09ecc,.wrapper_a62503
.selected_fd9051,.selected_e3bc5d
.groupStart__56db5,.groupStart__7b93c
.cozyMessage__64ce7,.cozyMessage__9f4fd
.contents_f41bb2,.contents_d3ae0d
.blockedSystemMessage_e58a4c,.blockedSystemMessage_d1b25e
.blockedAction__27053,.blockedAction_bf310e
.expanded_be53d7,.expanded_d275c4
.blockedAction__27053,.blockedAction_bf310e
.blockedSystemMessage_e58a4c,.blockedSystemMessage_d1b25e
.blockedAction__27053,.blockedAction_bf310e
.blockedSystemMessage_e58a4c,.blockedSystemMessage_d1b25e
.header__39b23,.header__6a14d
.headerText_f47574,.headerText_bd68ec
.username_d30d99,.username__0b0e7
.timestamp_cdbd93,.timestamp_c79dd2
.timestamp_cdbd93.alt__6c563,.timestamp_c79dd2.alt__6c563
.messageContent__21e69,.messageContent_abea64
.container_aed774,.container__2acd5
.content__72fdc,.content__945f5
.repliedMessage_e2bf4a,.repliedMessage__636d2
.repliedTextPreview__90311,.repliedTextPreview__1a8a4
.clickable_d866f1,.clickable__09456
.repliedTextContent__75526,.repliedTextContent_b12fe1
.repliedTextContentIcon__4dd82,.repliedTextContentIcon_da8b30
.repliedTextPlaceholder__044d3,.repliedTextPlaceholder__1b40c
.executedCommand_e8859a,.executedCommand__4fb1a
.commandName_a0875b,.commandName_fd97e7
.inlineMediaEmbed__4270e,.inlineMediaEmbed_b25e49
.spoilerMarkdownContent__2b8f8,.spoilerMarkdownContent__5c448
.icon__8c32c,.icon__467d5
.wrapper_f46140,.wrapper__53064
.mentioned__58017,.mentioned_fa6fd2
.icon_ecf39b,.icon_b30891
.anchorUnderlineOnHover__78236,.anchorUnderlineOnHover__03b72
.actionAnchor__584b2,.actionAnchor_b07c5d
.buttonContainer_dd4b62,.buttonContainer__6de7e
.buttons__3766a,.buttons__36852
.wrapper_c727b6,.wrapper__4e6b6
.button_d553e5,.button_d4bf9b
.selected__63428,.selected__74fee
.bumpBox_cfd81a,.bumpBox_b41ccc
.icon_c766f4,.icon_c83684
.tagline_a404cb,.tagline__3110f
.closeIcon__1f39d,.closeIcon__9f1b5
.hidePermanently_a71dd2,.hidePermanently__6f467
.embedCard__66fca,.embedCard__2a3c7
.footerContainer_a703d5,.footerContainer_b2e9f6
.footerAction_fba33a,.footerAction_f322dc
.footerIcon__61cc7,.footerIcon__98652
.blockquoteContainer_f24d1f,.blockquoteContainer__66aaa
.blockquoteDivider__96157,.blockquoteDivider__5cbad
.reactions_fba1d8,.reactions__2ede2
.reaction_b90ab0,.reaction_ef7e09
.reactionMe_bf6909,.reactionMe__9fc5c
.reactionInner__00d5f,.reactionInner_d6d30f
.reactionCount__60448,.reactionCount_b780c8
.spoilerMarkdownContent__2b8f8,.spoilerMarkdownContent__5c448
.spoilerMarkdownContent__2b8f8,.spoilerMarkdownContent__5c448
.spoilerWarning_d02e2d,.spoilerWarning_d68130
.keyboardShortcutsModal__74c71,.keyboardShortcutsModal__44538
.key__06fe6,.key__6a8d9
.inputWrapper__934f5,.inputWrapper_ecb776
.input_d266e7,.input_f27786
.focused_db7916,.focused__86d46
.inputField__79601,.inputField__9fd91
.copyInput__3104b,.copyInput_aaa791
.header__3d25c,.header__352e1
.footer__89240,.footer_e0b400
.footer_ceda43,.footer_f06dbb
.guildSidebar__8763f,.guildSidebar__74787
.formFieldWrapper__52c9c,.formFieldWrapper_ff716d
.settingsFormFieldWrapper_fa329e,.settingsFormFieldWrapper__3ff83
.message__04d9f,.message_ff43e6
.scroller__5fda0,.scroller__9a4f3
.reactors__20ab0,.reactors__0f305
.reactionDefault__792ef,.reactionDefault_de3361
.reactionSelected__249a7,.reactionSelected__16345
.colorStandard__5111e,.colorStandard__3d599
.quickswitcher_a3d29a,.quickswitcher_b5bb0a
.input__848cd,.input__2a648
.scroller__52ae7,.scroller_d4b86c
.wrapper__4f229,.wrapper__85934
.paymentNote_c68ae0,.paymentNote_d73127
.wrapper_dae547,.wrapper_ba4346
.body__59737,.body__1451f
.table_e130b5,.table__7058d
.planOptionDiscount__956f7,.planOptionDiscount__196a1
.cardNumberWrapper_d609e3,.cardNumberWrapper_cef4cb
.cardInput__72fe9,.cardInput_b6ba23
.cardInputFocused__74be1,.cardInputFocused__45eab
.content__1b8a0,.content__3ea16
.icon_ae3492,.icon_bb7288
.upsellFooter__9e85b,.upsellFooter__8558b
.perksList__35a93,.perksList__0822b
.iconWrapper__9caa9,.iconWrapper__0d13e
.actions_cba988,.actions_f8746a
.innerWrapper__8cde3,.innerWrapper_cfb768
.topPerksCard__9fc01,.topPerksCard__0e34b
.wrapper_cf13f4,.wrapper__4308f
.scroller__439a2,.scroller__7d61e
.headerWave_e4fdee,.headerWave_dda892
.bodyWave__62812,.bodyWave__4a827
.contentWrapper__85d37,.contentWrapper_f9bc93
.pillIconOnline_ab6089,.pillIconOnline__7e974
.pillIconTotal__74a04,.pillIconTotal_b3ff5b
.activeIcon_e452f7,.activeIcon_b2fa28
.authorize__4ddfc,.authorize__9e6f3
.iconWrapper__54839,.iconWrapper__0d05b
.footer__04ee2,.footer_b96583
.userProfileModalOuter__3fe6b,.userProfileModalOuter_a65559
.userProfileModalInner__7c87d,.userProfileModalInner__99b1e
.profileBanner__8414b,.profileBanner_f0f36c
.badgeList_c193e3,.badgeList__126b0
.badgeList_ef4131,.badgeList__76720
.overlayBackground__86b78,.overlayBackground__2666e
.body_ea740e,.body_bd4552
.tabBarContainer__63f55,.tabBarContainer_b283be
.userInfoSection__1daf8,.userInfoSection_e816c1
.userInfoSectionHeader__31b66,.userInfoSectionHeader_c9f1d3
.connectedAccounts_dc0a56,.connectedAccounts__7a8e6
.connectedAccountContainer__23f00,.connectedAccountContainer__5972d
.connectedAccountIcon__6bc30,.connectedAccountIcon_e85011
.connectedAccountName_f0a294,.connectedAccountName__0a3ec
.connectedAccountVerifiedIcon_db6dbd,.connectedAccountVerifiedIcon__103a6
.connectedAccountOpenIcon_df549d,.connectedAccountOpenIcon__23b1a
.listScroller__92e1a,.listScroller__18a19
.listRow__60937,.listRow__50619
.listRowContent_ba135a,.listRowContent_ccc6ae
.listName_dbd44a,.listName__028b9
.guildNick__01069,.guildNick_d76c11
.listDiscriminator__3cdbe,.listDiscriminator__3cad8
.pageWrapper_fef757,.pageWrapper_c182d3
.searchBox_a63854,.searchBox__56feb
.searchPageBox__56275,.searchPageBox__14d6e
.searchBoxInput__73c9c,.searchBoxInput__56498
.searchIcon_e60ea8,.searchIcon_d1a3c1
.clearIcon__91449,.clearIcon__21453
.categoryItem_b1be5c,.categoryItem__0608f
.selectedCategoryItem__0bf4c,.selectedCategoryItem__3e361
.itemInner__9e755,.itemInner_eedb2b
.guildList_b5189f,.guildList_cf5684
.loading_e7a19f,.loading_d8cf2a
.container__8877d,.container_c83a4f
.iconMask__1aff7,.iconMask__4092e
.guildInfo_ef4f03,.guildInfo__4779b
.guildIcon__597aa,.guildIcon__66641
.title__17a17,.title_cb8320
.memberInfo_d96ddb,.memberInfo__4d246
.dotOnline__72689,.dotOnline__9c3e9
.dotOffline_a11803,.dotOffline__6325d
.emptyContainer_a4bd05,.emptyContainer__00d9a
.emptyImage__66bed,.emptyImage_a1225f
.emptyHeader__309f2,.emptyHeader__54c93
.container__0810b,.container__13b2a
.popoutBottom_f1aeca,.popoutBottom__4228a
.secured__615be,.secured_d13ee6
.emojiPicker_b65ce9,.emojiPicker__5e2e2
.contentWrapper__321ed,.contentWrapper_e0bb2c
.drawerSizingWrapper__30274,.drawerSizingWrapper_e20f1f
.navButtonActive__735cb,.navButtonActive__0c878
.header__55964,.header_e5d8b2
.searchBar__8f956,.searchBar__57f39
.diversitySelectorOptions__846c5,.diversitySelectorOptions_daea2d
.diversityEmojiItem__6505f,.diversityEmojiItem__48e39
.categorySection_f44c2f,.categorySection__6f1c3
.wrapper__7a35f,.wrapper__91b2c
.header__9f6dc,.header__8e271
.emojiItem_b15dee,.emojiItem_de65fd
.emojiItemSelected__1a09a,.emojiItemSelected__023be
.emojiItemDisabled__36cbf,.emojiItemDisabled__843ea
.imageLoading__37d01,.imageLoading_fb7de7
.inspector__993e1,.inspector__80c84
.categoryList_f8c48f,.categoryList_eac4ac
.wrapper_cd625e,.wrapper__45980
.scroller_e89578,.scroller_ac6d1c
.categoryItem__39904,.categoryItem__4a642
.categoryIcon__7d3fc,.categoryIcon_d0a396
.categoryItemDefaultCategorySelected__8245a,.categoryItemDefaultCategorySelected__7d6e0
.categoryItemGuildCategory__2a2ce,.categoryItemGuildCategory_a121c6
.guildIcon__4d796,.guildIcon_ed1ab4
.unicodeShortcut__1dd6b,.unicodeShortcut__01a83
.categoryItemLockIconContainer__9e6a3,.categoryItemLockIconContainer__61fa5
.premiumPromo__2d678,.premiumPromo__9e1ca
.premiumPromoClose__11b8f,.premiumPromoClose_bb9fb2
.premiumPromoTitle__68b72,.premiumPromoTitle_abafab
.premiumRetentionNotice__7e7c4,.premiumRetentionNotice__7af3e
.upsellContainer__3c02a,.upsellContainer__15a05
.subtitle__593cd,.subtitle__6fbe4
.searchBar__3020e,.searchBar__6ad3f
.searchBarComponent__46512,.searchBarComponent__53adf
.friendWrapper__70b6f,.friendWrapper_f9b51d
.friendSelected_f0db37,.friendSelected__98d91
.nickname_bad638,.nickname_d0b2a8
.discordTag_c7823f,.discordTag__42e3e
.footer__274e8,.footer__062a1
.footerSeparator__010c9,.footerSeparator__41b43
.menu_dc52c6,.menu__088f7
.colorDefault__0b482,.colorDefault_e361cf
.hideInteraction__2790e,.hideInteraction__0b569
.focused__27621,.focused_dcafb9
.colorBrand__471df,.colorBrand__9bb0f
.colorDanger_eec36d,.colorDanger__08c25
.separator__18122,.separator__174fc
.iconContainer__829e7,.iconContainer__5d61c
.icon_f09dde,.icon__0bfbf
.checkbox__45366,.checkbox__378d3
.radioSelection__5ed39,.radioSelection__41d1e
.layerContainer_d5a653,.layerContainer_a2fcaa
.layer_ec16dd,.layer__6b5c3
.animatorTop__609e7,.animatorTop_df0e64
.animatorBottom_b2d32e,.animatorBottom__90ece
.animatorLeft_b2289c,.animatorLeft_f985f4
.animatorRight__5895e,.animatorRight_b16ad3
.input_f4043f,.input__745d4
.container_d6dad3,.container__84c26
.resultsGroup_ea9b64,.resultsGroup_b221b0
.header_b24bd1,.header__00739
.option_b5597b,.option__91497
.filter_bd5fe7,.filter__851fb
.nonText_cbb69b,.nonText_fbd88d
.plusIcon__36244,.plusIcon__3ff01
.searchLearnMore_bf7b8e,.searchLearnMore__17e18
.searchClearHistory_cd1df2,.searchClearHistory__7fe75
.queryContainer_c359fe,.queryContainer_c1cb2f
.keybindShortcutSearchPopout__1e953,.keybindShortcutSearchPopout__8e438
.focused_f9cf2c,.focused__68b93
.queryText__5bb6b,.queryText__92bb8
.queryShortcut__88ea5,.queryShortcut__98c85
.displayedNick_df9a16,.displayedNick_ee206c
.displayUsername_aea59a,.displayUsername__41697
.resultChannel__9ca5c,.resultChannel__18c2c
.searchResultChannelIcon__95142,.searchResultChannelIcon__80f46
.searchResultChannelCategory__7ebb5,.searchResultChannelCategory__3c246
.datePicker__94673,.datePicker_df63a7
.datePickerHint__7cc9b,.datePickerHint_d023b6
.hintValue_c2ce1f,.hintValue__0c960
.calendarPicker__5c474,.calendarPicker__47c85
.statusItem__3440f,.statusItem__9b512
.description__76091,.description__38e73
.userProfileOuterUnthemed__48723,.userProfileOuterUnthemed_e14365
.userPanelInnerThemed__1804b,.userPanelInnerThemed_c2aed9
.userPanelOverlayBackground__34fc8,.userPanelOverlayBackground__41589
.actionColor__21cca,.actionColor_db400e
.userPopoutOuter_d739b2,.userPopoutOuter__3884e
.userPopoutInner_f545a3,.userPopoutInner_e90432
.userProfileInnerThemedPremiumWithoutBanner__703b1,.userProfileInnerThemedPremiumWithoutBanner__3705a
.userProfileInnerThemedWithBanner_d5f991,.userProfileInnerThemedWithBanner__2152d
.popoutBanner__9f5b9,.popoutBanner__3fbe8
.popoutNoBannerPremium_edf6d3,.popoutNoBannerPremium__587cf
.popoutBannerPremium__942db,.popoutBannerPremium__84487
.profileBadges__7a7cb,.profileBadges__1f2ab
.userPopoutOverlayBackground_d8afa4,.userPopoutOverlayBackground_bf6444
.profileCustomizationPreview_ccc6a9,.profileCustomizationPreview_a1502f
.buttonColor__01bf8,.buttonColor_fd4fe8
.textarea_c5a7a3,.textarea__0461c
.messageInputContainer__768e6,.messageInputContainer_a93946
.errorPage_da3c8d,.errorPage_a41002
.image_dabcb8,.image_e0cb48
.text__9b110,.text__6066f
.children_b15c64,.children_aba8cb
.container__4bde3,.container__827e6
.searchResultsWrap__9f374,.searchResultsWrap__2e184
.searchHeader__19d87,.searchHeader__4d70e
.searchHeader__6a6c8,.searchHeader__8bbef
.totalResults__695d3,.totalResults__8eee9
.searchResult_dcd237,.searchResult__00093
.button_f8244b,.button_ef08e7
.resultsBlocked_a701cf,.resultsBlocked_a0f950
.contentRegion__0bec1,.contentRegion__08eba
.contentRegionScroller__86c79,.contentRegionScroller__9ae20
.sidebarScrollable__4aad1,.sidebarScrollable_d64933
.scroller__52680,.scroller_c92337
.toolsContainer_f5d55d,.toolsContainer__4e6ad
.container_bb0c52,.container__3529f
.closeButton__34341,.closeButton__8177f
.keybind__57645,.keybind_a619c1
.imageUploaderInner_da8332,.imageUploaderInner_ecfc97
.imageUploaderIcon__0c13b,.imageUploaderIcon__4b7d2
.outline_cb0aed,.outline__16075
.lookFilled__3dba3,.lookFilled__9c1ef
.select__0eb48,.select_fe2671
.option_be8b2e,.option_eb83e4
.selectedIcon__4b0ba,.selectedIcon_e9ecc2
.focused_a2f507,.focused_d14fa7
.customColorPicker__3cb6a,.customColorPicker_bbc020
.container__467eb,.container__353bc
.standardSidebarView__1129a,.standardSidebarView__12528
.sidebarRegion__60457,.sidebarRegion__36437
.sidebarRegionScroller__1fa7e,.sidebarRegionScroller__8113e
.sidebar__9e3e2,.sidebar__02e8d
.selectedBackground_d847da,.selectedBackground__4039b
.header_f72511,.header__71a82
.headerText__94c22,.headerText_e86b38
.separator_fdbcfd,.separator_d14fb1
.serverBoostTabItem_b19426,.serverBoostTabItem__0267d
.socialLinks_c1fc99,.socialLinks_dbdd6f
.link_b006df,.link_cebd7b
.availabilityIndicator__32891,.availabilityIndicator__52d73
.roleRow_c357d5,.roleRow_dc2631
.roleRowDisableHover__9fe35,.roleRowDisableHover_c9454c
.container_d5f6d0,.container__9c57c
.icon__4c736,.icon_add68a
.titleContainer_e558ff,.titleContainer_d09261
.row__5f051,.row__62bb0
.header__63c59,.header_ee0bd9
.top__592a7,.top_fae1fa
.previewContainer_c7e80d,.previewContainer__8cd30
.container__9bb08,.container__3d776
.emojiRow__4661c,.emojiRow_db53d4
.emojiRow__4661c,.emojiRow_db53d4
.emojiRemove_b299a6,.emojiRemove__744eb
.emojiAliasInput_dd55f7,.emojiAliasInput_e70e7c
.emojiInput__4fe54,.emojiInput__3270d
.emojiAliasPlaceholder__71733,.emojiAliasPlaceholder_ecea45
.wrapper__93f27,.wrapper_d9a30a
.tierLock__3e43d,.tierLock__2d9cb
.changelog__6d46d,.changelog__55624
.safetyChecklist__826c8,.safetyChecklist__4c74b
.valuePill__9d21a,.valuePill__75168
.scrollerContainer_c3503a,.scrollerContainer__35215
.bannedUser__38b44,.bannedUser_f75842
.descriptionBox_cca0c3,.descriptionBox_bdb07b
.simpleItemWrapper__2a0a0,.simpleItemWrapper_c23fd0
.upsellContainer__978df,.upsellContainer_a5688a
.upsellFooter__63475,.upsellFooter__5106a
.guildDetails_fc2c63,.guildDetails_f464b3
.featureCard__0a441,.featureCard__769f1
.featureIcon__48a2c,.featureIcon__84893
.row_f4c450,.row__09126
.analyticsCard_a976ba,.analyticsCard_deaffc
.developerPortalCtaWrapper__21172,.developerPortalCtaWrapper_a92100
.notEnoughMembersError__96545,.notEnoughMembersError__5b50a
.memberInsightsContainer_a79381,.memberInsightsContainer_a58fc8
.insightsActions_f32a84,.insightsActions__029d2
.checklist__88646,.checklist__0a7d3
.header_d08072,.header__17969
.separator__26ad8,.separator__31144
.enableContainer__0945b,.enableContainer__8015f
.previewContainer_b0f5b4,.previewContainer__0eaea
.editCircle_fb533c,.editCircle_dd80d5
.welcomeChannel__0122f,.welcomeChannel__64805
.channelIcon__2b0ed,.channelIcon_ace4dd
.background__3dd67,.background__092a0
.tierInProgress_f08e8b,.tierInProgress__549bc
.tierHeaderLocked__4d099,.tierHeaderLocked__0ca2e
.tierHeaderUnlocked_cc60fa,.tierHeaderUnlocked__960f7
.tierBody__615a1,.tierBody_fd5f94
.textBadge__9e179,.textBadge__9b873
.editCard_dfa091,.editCard__7d03f
.toggled_bf7bde,.toggled__775cb
.ruleIconContainer_baf164,.ruleIconContainer_c3faae
.ruleIcon__44d2b,.ruleIcon__35bee
.actionContainer_d21d10,.actionContainer__4263f
.actionIcon__2a5f8,.actionIcon__2888e
.actionTextHeader__87eb9,.actionTextHeader__50bb7
.stepCountIcon_a27a70,.stepCountIcon__0dbc7
.stepperContainer__053f4,.stepperContainer_b891a2
.mentionLimitContainer__0f0ff,.mentionLimitContainer_bb7659
.keywordListContainer_fdf41c,.keywordListContainer__0f5a8
.actionContainer__51bd9,.actionContainer_e638f2
.collapseable__71e46,.collapseable_a59844
.toggled_bb1607,.toggled__0b0b4
.container__74689,.container_f6fb9b
.clickableContainer__69013,.clickableContainer_aa1e59
.groupCollapsedContainer_d7de68,.groupCollapsedContainer__81b16
.pointer_d95271,.pointer_a8c835
.backgroundModifierContainer__73a0a,.backgroundModifierContainer_d14724
.selected__93d53,.selected__2b301
.keywordsTextArea_d5eadb,.keywordsTextArea_ae5cf2
.textArea__3f404,.textArea_f2223c
.resultsListContainer__4ec00,.resultsListContainer__38cf3
.searchRowLabel_b64d40,.searchRowLabel__9f3cd
.channelIcon__801cb,.channelIcon_b9f50d
.auditLog__6c805,.auditLog__9228d
.header_e08fd2,.header__8cacc
.headerExpanded__03c29,.headerExpanded__05a35
.divider__1505d,.divider__1ee1f
.changeDetails_ecd760,.changeDetails_c0aa16
.testimonialHeroContainer__4a355,.testimonialHeroContainer_a66dec
.testimonial__1b63f,.testimonial_fcdae3
.upsellPreview_e0cb61,.upsellPreview_a2ec8a
.previewListItem__4f725,.previewListItem__6ce7d
.selected__2d410,.selected__5e5aa
.checkboxCircle_aed363,.checkboxCircle__5416b
.checkbox__9abca,.checkbox__1d469
.educationUpsell_ee1637,.educationUpsell__11611
.educationUpsellArrow__65907,.educationUpsellArrow__45ba7
.progressBarContainer_f5600f,.progressBarContainer__78cb4
.progressBar__02515,.progressBar__86d52
.progressBarCurrent__44486,.progressBarCurrent_e5cad1
.container_ecf1d0,.container_f0cc0d
.channelRow__33fcb,.channelRow__013aa
.disabled__7b158,.disabled__569c5
.separator_a693be,.separator_f5f9d9
.header__8e9c1,.header_c118ee
.container__9e6a7,.container_bc2742
.progressBar_f4b358,.progressBar__716bd
.icon__3117c,.icon__7b48f
.channelList__4e836,.channelList_fcef42
.chattableIndicator__320a3,.chattableIndicator_c6ac14
.channelCoverage__3b43c,.channelCoverage__760f9
.coverageProgress__7696d,.coverageProgress__6e152
.channelCoverageDetails__1b72e,.channelCoverageDetails__9f0ab
.channelPill_c6644a,.channelPill_a1112d
.addPrompt_d0c3a2,.addPrompt__527b9
.plusIcon__5736c,.plusIcon_f3eb9d
.container_bc63f8,.container_ecc97e
.example__9c5a6,.example_ca938d
.resultsListContainer__4ec00,.resultsListContainer__38cf3
.channelIcon__801cb,.channelIcon_b9f50d
.badExampleIcon__70659,.badExampleIcon__6e2b2
.actionItem__36958,.actionItem__872dc
.resourceChannel__1f331,.resourceChannel__94ad2
.actionItemEmojiWrapper__09da8,.actionItemEmojiWrapper__51171
.addActionItem__209df,.addActionItem__3881a
.pillContainer_e97d2d,.pillContainer__2a7d8
.pillItemSelected__3dd13,.pillItemSelected__2ede3
.reviewHeader__0a240,.reviewHeader__258e5
.onboardingStepContainer__4a9d0,.onboardingStepContainer__03a55
.iconContainer_ccedf9,.iconContainer_c175e1
.channelIcon__7901b,.channelIcon_a19c21
.channelRow_bba4a8,.channelRow__6e8a0
.selectableChannelRow_c40337:hover,.selectableChannelRow_b53c15:hover
.deprivateTableBody_dbf647,.deprivateTableBody__8eb37
.suggestedChannels__158f9,.suggestedChannels__0a3d8
.container__25f89,.container_b4feaa
.searchRowLabel_b64d40,.searchRowLabel__9f3cd
.howItWorksContainer_ef4386,.howItWorksContainer__025eb
.howItWorksImageContainer__91f71,.howItWorksImageContainer__33219
.earningsPreviewContainer__775cb,.earningsPreviewContainer__2b25a
.avatarCard_edc99c,.avatarCard__8d1e3
.emojisContainer__68736,.emojisContainer__8e659
.viewServerButton__1ce42,.viewServerButton__457ab
.activityUserPopoutV2__32328,.activityUserPopoutV2__89098
.activityProfileV2__4de28,.activityProfileV2_f5335f
.headerText__7d203,.headerText_c0138d
.nameNormal__1d540,.nameNormal_cb5c2b
.activityName__47e51,.activityName_a7b7de
.bodyLink__0ab7c,.bodyLink__022ea
.timestamp__1ce6c,.timestamp__78895
.wrapper_edb6e0,.wrapper__3ed10
.mask__1979f,.mask_d5067d
.cursorDefault_e4f616,.cursorDefault_e0f002
.botTagInvert_c85692,.botTagInvert_eb4d55
.role__631a3,.role_d81130
.roleCircle_bae511,.roleCircle__61ad8
.roleRemoveIcon__7f63d,.roleRemoveIcon_c3913a
.roleRemoveButton__737f2,.roleRemoveButton__20c70
.roleName_d19d33,.roleName__851c9
.addButton_c648bf,.addButton__6f12b
.container_d27846,.container_cff83e
.loading__30066,.loading__2d13d
.container__08420,.container__72188
.replyBar_b64d74,.replyBar_ed6afc
.threadSuggestionBar_b633f7,.threadSuggestionBar__717a3
.mentionButton_a470c4,.mentionButton__73096
.closeButton__89e56,.closeButton__82377
.separator__7538d,.separator_cb3c84
.replying_d7b6ad,.replying__38514
.disabled_af801d,.disabled_e23f76
.radioBar__40e1b,.radioBar__70669
.radioIconForeground__99b9b,.radioIconForeground__9ca1e
.accountProfileCard__22589,.accountProfileCard__744d8
.background_b61fcc,.background__4e802
.fieldList_aab0de,.fieldList__4e6dd
.premiumFeatureBorder__9bbb3,.premiumFeatureBorder__6ac04
.premiumBackground__4ce97,.premiumBackground__4f769
.upsellOverlayContainer__08979,.upsellOverlayContainer__9580e
.upsellOverlay__688e8,.upsellOverlay__988e7
.container__6968f,.container_d5dec4
.container__9c82e,.container__7d3e2
.container__9f90c,.container__5a2c3
.circle__7dd22,.circle_cbbd13
.iconContainer__82920,.iconContainer_fe08af
.row_c1b980,.row__9455d
.authedApp__51b26,.authedApp__71a52
.sessionIcon__540be,.sessionIcon_df2e9c
.connectContainer__8050b,.connectContainer_e331e3
.accountButtonInner__80e3a,.accountButtonInner__00bdd
.accountBtnInner_fe9b67,.accountBtnInner__1470b
.giftCard__30972,.giftCard__4b868
.header_a2ba3b,.header__5c5a9
.guildContainer__9d362,.guildContainer_fef06f
.wrapper__0df00,.wrapper__6b347
.boosterRecognitionCard__5fc19,.boosterRecognitionCard_fc16be
.noItemsIcon_b1e42b,.noItemsIcon__299fb
.noItemsIcon__38ca2,.noItemsIcon_ead6f9
.detailsBlock__1191c,.detailsBlock__319f5
.premiumSubscriptionAccountCredit__6bab4,.premiumSubscriptionAccountCredit_a4f9de
.defaultIndicator__855a2,.defaultIndicator_b89fc1
.description__75831,.description__51810
.descriptionWrapper__0d577,.descriptionWrapper__75cd5
.paymentPane__9cf01,.paymentPane__541d7
.paginator_e620d3,.paginator__28ba5
.bottomDivider_a59d97,.bottomDivider_c85b47
.hoverablePayment__3ea24,.hoverablePayment__4ff3b
.payment__7d702,.payment_f27ac6
.expandedInfo__47bad,.expandedInfo_efc786
.selectionCircle_f4288e,.selectionCircle_aa3fcd
.checkmark__1577e,.checkmark__5b7ba
.previewMessage__1075c,.previewMessage__4d747
.micTest__30846,.micTest__208c7
.container__6d33c,.container_ced194
.progress__2cc1d,.progress_bcbb99
.notches__065e9,.notches__5406c
.soundButtonSettingContainer__548af,.soundButtonSettingContainer__3821b
.cameraWrapper__1ee6d,.cameraWrapper_d3535e
.backgroundOption__745bb,.backgroundOption__5ab0d
.backgroundOptionRing__1f209,.backgroundOptionRing__45698
.backgroundOptionInner__1477f,.backgroundOptionInner_a128bb
.nowPlaying__353c3,.nowPlaying_a3b60b
.wrapper__4beb8,.wrapper__4b6b3
.option_a0c054,.option__1d8de
.selected_ea51d6,.selected__4e154
.container__0c807,.container__8267c
.disabled__8d382,.disabled__97701
.recording__97366,.recording_adbccb
.notDetected__2a0c9,.notDetected__14b92
.addGamePopout_e4ca8f,.addGamePopout__61649
.gameNameInput_e25dd8,.gameNameInput__3e1e4
.auto_a48086,.auto_a3c0bd
.auto__76cc7,.auto__020ac
.none__51a8f,.none__7a473
.segmentControl_b89f83,.segmentControl__876c0
.segmentControlOption__84fb6,.segmentControlOption__90c7d
.status__42e87.interactive__7ee97,.status__42e87.interactive__89d92
.overlayTitle_a9f7c6,.overlayTitle_de9b41
.videoWrapper_b42a4f,.videoWrapper__3ffda
.tabItemSelected__3dfe7,.tabItemSelected_f4cf64
.sourceThumbnail__21c87,.sourceThumbnail_f4fa1d
.selected__26467,.selected__1e95d
.enhancedBanner__09743,.enhancedBanner_ad59ff
.selectorButton_c6ae93,.selectorButton_ea0609
.selectorButtonSelected_fbe8fc,.selectorButtonSelected__707fb
.selectorButtonPremiumRequired_ce72d6,.selectorButtonPremiumRequired__9df5b
.checkmark__0b63d,.checkmark__0c21a
.textContainer__709ff,.textContainer__65f57
.footer__06f4b,.footer__90194
.languageSelector_a1c2f3,.languageSelector__4840c
.modalTextContainer_ddfc28,.modalTextContainer_ce11a8
.attachmentName_b33bf1,.attachmentName__9ecc9
.formattedSize__07da1,.formattedSize__44417
.container__3e5cc,.container_ffbc98
.callContainer_e8faeb,.callContainer__486b0
.scroller_d8c41e,.scroller__3c95c
.gradientContainer__9a5a6,.gradientContainer_cdada6
.rowContainer__3f2d1,.rowContainer__05af6
.participants__5d231,.participants__921a9
.primaryButtonColor__236e9,.primaryButtonColor_d83e5f
.tileContainer__88d69,.tileContainer__9f7be
.messageContentWrapper__72f89,.messageContentWrapper__34c64
.topicFormItem_dc6100,.topicFormItem_bf9a7f
.textInput__27b94,.textInput_f4c6c7
.container__7b94f,.container__92aae
.background__9acc3,.background_f45954
.foreground__244d6,.foreground__923d9
.iconBackground__61963,.iconBackground__62649
.container__515b3,.container__3aeff
.separator_c99b23,.separator__8f056
.voiceUser__0470a,.voiceUser__629a5
.overlap_c76e16,.overlap__6969e
.audienceContainer_d4eada,.audienceContainer_a2547c
.audienceIconContainer_b469ed,.audienceIconContainer__625ab
.audienceIcon_f0f8e7,.audienceIcon__4b212
.stageListenerPill_ef06b3,.stageListenerPill_e45f73
.categoryPill_c95cea,.categoryPill_c6ae1b
.selected__24846,.selected_b5f19b
.pageControlContainer_b111b0,.pageControlContainer__86479
.pageControl__2dd90,.pageControl__5e095
.pageButton_bcd673,.pageButton_bf9853
.activeButton__7a550,.activeButton__70b70
.endButton__45620,.endButton__45c13
.disabled__238bc,.disabled__82158
.consentCard__49713,.consentCard_ea523e
.nowPlayingColumn_f5023f,.nowPlayingColumn_b025fe
.container__0a6a9,.container__3673d
.scroller__00e7e,.scroller__7c25e
.interactive__01cfa,.interactive__46c44
.inset__0bfb3,.inset__61d5b
.section_efc22d,.section__253ec
.partyMemberOverflow_d12297,.partyMemberOverflow_fa82b9
.applicationStreamingPreviewWrapper__97a95,.applicationStreamingPreviewWrapper_cdc31a
.emptyCard_f82dde,.emptyCard__204d9
.emptyText_dd45f0,.emptyText__18c2a
.button__3ecb4,.button_bfb8e1
.focused__47631,.focused__53c23
.premiumUpsell_e1bfd9,.premiumUpsell_aae531
.upsellTooltipWrapper_df8272,.upsellTooltipWrapper__11dad
.caretTopCenter__3f88f,.caretTopCenter__99bb0
.reactionTooltip__9384a,.reactionTooltip__20d0b
.messagesPopoutWrap_b3b384,.messagesPopoutWrap__10dd1
.header_f5cc88,.header__21b33
.footer_a3029c,.footer__6b9ef
.channelHeader__5d30c,.channelHeader_ea0f89
.guildIcon_cccd03,.guildIcon__6a5d6
.messageGroupWrapper_f8c6e9,.messageGroupWrapper__1fce2
.jumpButton__0329d,.jumpButton__309d6
.regionSelectPopout__0127b,.regionSelectPopout_a270cb
.quickSelectPopoutOption__39224,.quickSelectPopoutOption_b852b1
.regionSelectName__7c81f,.regionSelectName_e97b48
.recentMentionsPopout__826a9,.recentMentionsPopout__40c54
.container__56e52,.container__7c2c1
.messageContainer_aa7d14,.messageContainer_cb3d47
.jumpButton__24ca6,.jumpButton_aab0bc
.text__6b9e7,.text__76b99
.icon_d2bc2f,.icon_c68d99
.tutorial__7b875,.tutorial__5bb77
.tutorialIcon__5c63f,.tutorialIcon__51741
.channel_d48f2d,.channel__36a7e
.messages_f7999e,.messages__1aaa1
.collapseButton_b18eab,.collapseButton_f8165c
.container__2c498,.container_cdf5a8
.friendRequestsButton_f19806,.friendRequestsButton__77e10
.forumPost__0c88c,.forumPost__76f0f
.container__20de0,.container_eb737e
.calloutContainer_c0109d,.calloutContainer__941c0
.container__8261a,.container_f93da8
.header__53b07,.header__6d44a
.icon__588c6,.icon__89b22
.icon__5c1d3,.icon_bdb6fa
.container__767d1,.container__17159
.spineBorder_bdec8b,.spineBorder__52981
.chatHeaderBar_c1df53,.chatHeaderBar__9e6ac
.row__4daf2,.row__9e25f
.iconWrapper__85630,.iconWrapper__8795c
.container__6604b,.container__9922f
.hasThread__58ee2,.hasThread__44ae4
.emptyStateHeader__02ad4,.emptyStateHeader__727fa
.emptyStateIcon__9ee16,.emptyStateIcon__5488c
.compactButton__0f247,.compactButton__00b66
.compactButtonDisabled_f3bf7b,.compactButtonDisabled_c3934d
.option_f70eea,.option__571e3
.streamPreview__1846c,.streamPreview__965fa
.previewContainer_bb1924,.previewContainer__1e0bb
.watchButton__0d283,.watchButton__5a93d
.header__7133e,.header__3b038
.circle__2005c,.circle__2100f
.eventStatusBrand__948ce,.eventStatusBrand__08773
.eventStatusLabel__4d7cc,.eventStatusLabel_b9a979
.eventStatusContainer__92035,.eventStatusContainer__591e7
.rsvpCount__4657d,.rsvpCount_f38818
.rsvpIcon_a79c28,.rsvpIcon_c679d2
.container_f3270f,.container__56345
.contentContainer__3b585,.contentContainer__5d27b
.circle_d71ba0,.circle__970b1
.progressBar__0a392,.progressBar_f61abb
.selectedProgressBar__10383,.selectedProgressBar__26b4d
.container__52a36,.container__52476
.textInput__210e5,.textInput__12559
.previewCard_aef1ab,.previewCard__980d0
.colorMuted_ae2200,.colorMuted__413e9
.colorBrand_be5f58,.colorBrand__65cd6
.container_e4c233,.container_ec5ce2
.stickerCategoryGeneric__431fb,.stickerCategoryGeneric_ac28b6
.stickerCategoryGenericSelected__44ec4,.stickerCategoryGenericSelected_b553f9
.row__959bb,.row_b3c4f2
.stickerInspected__1c897,.stickerInspected__29120
.inspectedIndicator_f00108,.inspectedIndicator__0c5e3
.containerBackground__1e084,.containerBackground__65bbe
.unreadMentionsIndicatorTop_ada847,.unreadMentionsIndicatorTop__153ad
.unreadMentionsIndicatorBottom_fdb943,.unreadMentionsIndicatorBottom__9351c
.authBox__7196a,.authBox__6f336
.startOverButton_b3ba6f,.startOverButton__3447a
.container_c11257,.container__73ab0
.copyInput_c1c679,.copyInput_f549fd
.promotionCard__8581c,.promotionCard_f4dd43
.phoneField__65729,.phoneField__47dd1
.inputField__3008c,.inputField_c0d34f
.maskBackground_f896ad,.maskBackground__4b2ff
.iconWrapper__8fbb1,.iconWrapper_fda12f
.scroller_e9501c,.scroller__32e73
.pageContainer__1e84a,.pageContainer__853b6
.optionItem_f32ffe,.optionItem__7394f
.selected__9800b,.selected__7f4cb
.headerContent__74c51,.headerContent__90672
.searchBox_bf114a,.searchBox_f2dfb6
.iconMask_f7f012,.iconMask_da0856
.icon__3dded,.icon__6810d
.sidebarContainer__5583d,.sidebarContainer__6f8e5
.scrollTierBackground__36806,.scrollTierBackground__89f3e
.activityItem__33da9,.activityItem__2bb92
.disabled_b6f87e,.disabled__71884
.activityTag__01970,.activityTag__1f89a
.modalHeader_e68db4,.modalHeader_b1624c
.modalDivider__67d13,.modalDivider__58e25
.container_b181b6,.container_b92032
.header_c01fde,.header_b2c494
.title__38892,.title__20d69
.matchingPostsRow__510be,.matchingPostsRow__6cdb0
.uploadInput_bbab2f,.uploadInput_a6cb60
.uploadIcon_fe2ad4,.uploadIcon_dd6e1a
.icon__8bfe4,.icon_fb50ab
.increasedActivityMainCard__916ed,.increasedActivityMainCard_e53744
.container_a4e239,.container__7afce
.stepContainer__2f6a9,.stepContainer_f61e92
.stepStatus_f620c2,.stepStatus__6954b
.rolesList__55c4f,.rolesList__8a773
.title__964d5,.title_f3ce0c
.postTitleText__11fd1,.postTitleText__39597
.pinIcon__39b6e,.pinIcon__054d8
.loadingCard_a6aa0a,.loadingCard_ecb256
.replies_c11247,.replies__1b03e
.container__4abd7,.container__50cdd
.container_b634d9,.container_c8444e
.previewContainer__0f3c5,.previewContainer_a9f935
.preview_c16c3b,.preview_af4f87
.forumPostIcon__3d972,.forumPostIcon_bb48cb
.bottomSeparator__3e1ef,.bottomSeparator__3be4c
.chatInput__06d78,.chatInput_e0436a
.sortDropdown_ec3016,.sortDropdown__40a16
.sortDropdownInner__2456c,.sortDropdownInner_c71d90
.sortDropdownText_e8ca8d,.sortDropdownText__125ae
.container_dbdb0b,.container_aa220a
.textContentFooter__5a630,.textContentFooter_e03480
.container_c24cbd,.container__7d004
.contentPreview_b317ee,.contentPreview__122fc
.container__99b06,.container_de2a56
.container_def45c,.container__694a1
.messageCountIcon__73000,.messageCountIcon__8c6fd
.newMessageCount_f45ea7,.newMessageCount__7c713
.increasedActivityPill__0f3bd,.increasedActivityPill__2620e
.selected_dc72d1,.selected__50db4
.clickable__8b375,.clickable_daf171
.disabled__70fda,.disabled_fbfabf
.container_ae7412,.container_a0ef70
.countContainer__51412,.countContainer__31f72
.countContainer__1b48f,.countContainer_a9a63f
.clear__72191,.clear__2001f
.tagsButton_e96762,.tagsButton__34537
.tagsButtonInner_a70c04,.tagsButtonInner_c1ff90
.iconWrapper__3e4a9,.iconWrapper_a8f659
.container__8ee50,.container__68e43
.divider_ffec75,.divider__4df9f
.container__1b27a,.container__852f7
.descriptionContainer__3814d,.descriptionContainer__24e5f
.gradient__03beb,.gradient__2a8c0
.linkContainer__32221,.linkContainer_f0e24d
.newPostsButton__760c6,.newPostsButton__5c904
.reactionInner__4135b,.reactionInner_bd636d
.reactionCount_b49901,.reactionCount__2c34d
.addReactButton__59750,.addReactButton__4342f
.buttonInner__2771e,.buttonInner__865de
.staticToolbar__7ef7b,.staticToolbar_d19051
.addTags_e01f9c,.addTags__282cb
.reaction_fef95b,.reaction__4a43f
.reactionMe__98f57,.reactionMe__0fffc
.heading-lg-bold_c2517a,.heading-lg-bold_f5eeaa
.heading-lg-semibold_a200cd,.heading-lg-semibold__58a54
.text-xs-normal__56c35,.text-xs-normal__46d75
.text-xs-medium__30cbe,.text-xs-medium_d3e0f1
.text-xs-bold_c1eb0a,.text-xs-bold__5467c
.text-sm-medium__1ba28,.text-sm-medium__726be
.text-md-medium__5151a,.text-md-medium_a84e09
.text-md-normal__4afad,.text-md-normal__6e567
.text-sm-normal_e612c7,.text-sm-normal__95a78
.directoryContainer_d3edd9,.directoryContainer__36395
.category_ba5745,.category_c3da1d
.container__7b33c,.container_bdd168
.container_a6c201,.container__11a0b
.clickable__8d049,.clickable__4a175
.container_dabadb,.container__9c6ed
.category__2d800.activeCategory_acadca,.category_a343a6.activeCategory__585b4
.category__60494,.category__1ebd5
.commandName__72789,.commandName__7c054
.cardHeader_ceb21a,.cardHeader__80457
.benefitsContainer__8c817,.benefitsContainer__69e6f
.intentsContainer__9bd68,.intentsContainer_b8fe04
.soundButton__5ad7b,.soundButton__845c7
.categoryIcon__7b2ea.selected__532c1,.categoryIcon__3e47a.selected__3b2ac
.keybindHint__70c7e,.keybindHint__28b43
.homeContainer_a4aa0a,.homeContainer_c36871
.userProfileOuterThemed__6eb84,.userProfileOuterThemed__1fbd7
.userCardInner_d6aa46,.userCardInner__4fd8f
.headerIcon__8b099,.headerIcon_f56272
.avatarBackground__9cf9d,.avatarBackground_c0a21e
.action_c957d9,.action__94060
.checkCircleCompleted_c66388,.checkCircleCompleted__90309
.sidebarCardWrapper__2c840,.sidebarCardWrapper__98124
.row__70f4c,.row__4f559
.channelIconContainer__5df13,.channelIconContainer__67756
.rulesIconContainer__2a9f3,.rulesIconContainer__0c984
.iconCircle_de71da,.iconCircle__43c9b
.scroller__5e182,.scroller__12676
.tierInfoContainer__80b01,.tierInfoContainer_dd1f1c
.subscriptionPerks__2f4e5,.subscriptionPerks__47df3
.roleMessagePreview__8088a,.roleMessagePreview__242dc
.navButtons__484bf,.navButtons__60fcf
.termsFieldBody__96dcb,.termsFieldBody_c56d5f
.overlay_ef4f80,.overlay_a15774
.selectValuePill__95251,.selectValuePill_eed7e2
.optionButtonWrapper__4072c,.optionButtonWrapper_c86844
.selected__90dd8,.selected__31118
.profileCard_bd55ee,.profileCard__1d74b
.role__65ab8,.role__110aa
.container__6a848,.container__8a0a9
.selectAll_a87487,.selectAll_fe1469
.channelRow__96673,.channelRow__538ef
.disabled__583e7,.disabled__556e5
.chatHeaderBar__28ee6,.chatHeaderBar_b11c70
.mainTableContainer_ea650e,.mainTableContainer_d09fd4
.mainTableContainer__5ffe0,.mainTableContainer__37b54
.table_a843c4,.table_c0e94f
.memberRowContainer_f0d0e5,.memberRowContainer__8a95f
.button_fb10b9,.button__440c9
.otherRoles_a19529,.otherRoles_e625c8
.pageButton_bcd673,.pageButton_bf9853
.optionBox__0338f,.optionBox_d9023e
.contentCircle_bc797d,.contentCircle_ed1cb1
.uploadIcon__68f2c,.uploadIcon_d35ec2
.gifIconContainer__85e92,.gifIconContainer_acf285
.decorationGridItem__80f7f,.decorationGridItem__4316a
.selected_a76908,.selected__9f235
.iconBadge__5fd10,.iconBadge_f605f5
.decorationPreview_d09d2f,.decorationPreview__863a0
.smallDecorationPreviewsContainer_c0deb8,.smallDecorationPreviewsContainer__968c0
.shopPreviewContainer__15dfd,.shopPreviewContainer__52c2e
.effectGridItem__957b0,.effectGridItem__485d8
.selected_bfc68b,.selected__52c38
.lockBadge__7140f,.lockBadge__90f1d
.effectDescriptionNoGradient__2ac4a,.effectDescriptionNoGradient_e5a3ae
.effectDescriptionBorderWithGradient__33bff,.effectDescriptionBorderWithGradient_dae676
.effectDescriptionContainer_d33b78,.effectDescriptionContainer__4ae85
.statusDot__468f8,.statusDot_c605a3
.shopScrollBackgroundPrimary_bb1f42,.shopScrollBackgroundPrimary__28f1d
.pageWrapperBackgroundPrimary__74f14,.pageWrapperBackgroundPrimary__36469
.skeleton__5ac25,.skeleton__3d497
.bannerBody_b2bf3f,.bannerBody__843e0
.cardBody__04250,.cardBody__19868
.cardAvatar__4c223,.cardAvatar__3566a
.cardTitle__05039,.cardTitle__6e00f
.cardDescription__435dd,.cardDescription__78675
.cardSummary__432c0,.cardSummary_c7b600
.shopCard_f7822b,.shopCard__3d319
.cardBackground_af6852,.cardBackground_d86c0e
.darkCardBackground__82a32,.darkCardBackground__38c63
.modalContent__3d79f,.modalContent__4d9c6
.chatPreview_d690d1,.chatPreview__8e939
.mockInput_fd89c6,.mockInput_d3257e
.selected_ee2dc5,.selected__8eaa8
.selected__2244b,.selected_febc70
.messageRequestItem__3b951,.messageRequestItem__9f70d
.hamBanner_c2b052,.hamBanner__21cc2
.problemInfo__4ad5d,.problemInfo__04a54
.toolbar_c7b525,.toolbar__894c6
.icon__5a617,.icon__2c9bf
.popoutContainer__7b9a3,.popoutContainer__66068
.emojiSection_a65b54,.emojiSection_ab054b
.guildSection_ebda04,.guildSection__15ac6
.category_f995ff,.category__6faaf
.settingCard__00567,.settingCard__9b0ad
.cardFolder__34393,.cardFolder__40dc5
.selected__47401,.selected__5faae
.passthrough__7cd54,.passthrough__91f95
.header__02652,.header_def8e2
.container_e84cda,.container_b1d738
.sectionTag_b0df68,.sectionTag__03ea5
.row__3fe26,.row__018c3
.rowInner_feb94d,.rowInner__62b94
.selected__75860,.selected__5fd17
.defaultColor__87d87,.defaultColor__8610e
.container__0d1a7,.container__2e9cc
.subtitle__89b16,.subtitle__7ec98
.container__73245,.container__9dd63
.text__43e5f,.text__67f81
.optionHeader_b6da7f,.optionHeader_e0be1e
.subtitle_a75f7f,.subtitle_f9a2be
.subtitle__963da,.subtitle_acd9d2
.iconContainer_cd2671,.iconContainer__60b4b
.backButton__576ea,.backButton__68a1c
.backButton_c0ce06,.backButton_b70672
.input__0c269,.input__0c568
.sampleLink__771c4,.sampleLink__0b2d6
.rowContainer__6f4c6,.rowContainer_a98a8a
.rowText_e87737,.rowText_e0108c
.rowArrow_d97795,.rowArrow__5d5d7
.container__03857,.container__628c8
.container__60a4a,.container__03b79
.iconContainer__6fc72,.iconContainer__1b9f0
.optionContainer__5d0b1,.optionContainer__0233f
.channelIcon__1565e,.channelIcon_fe5b84
.channelTitleIcon__1896b,.channelTitleIcon_e1e1a5
.optionArrow__4c748,.optionArrow_b537a7
.header__72166,.header__8f369
.container_d4b118,.container__6a8f8
.button__671cf,.button__344e7
.communityInfoPill_d3f445,.communityInfoPill__1efab
.container__92dc8,.container_c68a2c
.container_acafc1,.container__29699
.icon_f71c55,.icon_ac2d0d
.interactiveCard_d5a839,.interactiveCard_d92364
.selected__715e8,.selected__142a3
.container__16581,.container__55cc1
.conversationRoot__11fa6,.conversationRoot_bed0b3
.replySpine_ed1feb,.replySpine__081f6
.conversationMessage__0d40e,.conversationMessage__3c425
.contentWarningPopout__7d8c2,.contentWarningPopout__84e38
.footer__36118,.footer__068c0
.modalHeaderCustomGift_af2c51,.modalHeaderCustomGift_d0f226
.iconBackground_c5c678,.iconBackground__5ef94
.spinner_caad3a,.spinner_caac0a
.container__5a6b1,.container__0018d
.selected__70739,.selected__26619
.fieldBackground_d6edfa,.fieldBackground__4007e
.termsRow_a03d1d,.termsRow__8e6aa
.banReasonOtherClickable_e4b932,.banReasonOtherClickable_ea058e
.buttonWhite__30853,.buttonWhite__913ed
.footer__03347,.footer__25bb8
.layer_ec16dd::after,.layer__6b5c3::after
.guildPopout_ea4d8c,.guildPopout_df13cd
.emojiCounter_facc23,.emojiCounter__268b4
.perkRow_bdbcf6,.perkRow__77c96
.sidebarContianer_e155a0,.sidebarContianer__623bd
.container__8316e,.container_cbd141
.bottomRowAction__1d119,.bottomRowAction_b95fd7
.bottomRowActionDisabled__413d8,.bottomRowActionDisabled__08659
.innerBottomRowAction_ccb714,.innerBottomRowAction__8a3df
.container_c18052,.container__532be
.header__01d62,.header_aacd9b
.modInfoItem__05dd7,.modInfoItem_df526b
.modInfoAction__40259,.modInfoAction__5a4f4
.permissionChiplet__7a040,.permissionChiplet_b69b5f
.elevatedPermission_af9178,.elevatedPermission_e3717f
.innerContainer__68aae,.innerContainer__28ce6
.permissionItemContainer__274fd,.permissionItemContainer__93334
.elevatedPermission_c4dcb1,.elevatedPermission__158d9
.buttonWhite__30853,.buttonWhite__913ed
